stock_id,title,time
TV4,Thông báo chấp thuận niêm yết bổ sung 1.235.131 cổ phiếu,20/04/2018 09:53
PVE,Thông báo về việc bổ sung cổ phiếu PVE vào danh sách chứng khoán không đủ điều kiện giao dịch ký quỹ,19/04/2018 15:24
ALV,Thông báo bổ sung cổ phiếu ALV vào danh sách chứng khoán không đủ điều kiện giao dịch ký quỹ,19/04/2018 15:05
ASA,Thông báo về việc bổ sung cổ phiếu ASA vào danh sách chứng khoán không đủ điều kiện giao dịch ký quỹ,19/04/2018 15:04
VMI,Thông báo về việc bổ sung cổ phiếu VMI vào danh sách chứng khoán không đủ điều kiện giao dịch ký quỹ,19/04/2018 15:04
B82,Thông báo về việc bổ sung cổ phiếu B82 vào danh sách chứng khoán không đủ điều kiện giao dịch ký quỹ,19/04/2018 15:03
TKC,Bổ sung cổ phiếu TKC vào danh sách chứng khoán không đủ điều kiện giao dịch ký quỹ,19/04/2018 14:27
SDD,Dỡ bỏ hạn chế giao dịch đối với cổ phiếu SDD,19/04/2018 14:27
SRA,Đưa cổ phiếu ra khỏi diện bị cảnh báo,19/04/2018 14:27
S99,Đưa cổ phiếu S99 vào danh sách chứng khoán không đủ điều kiện giao dịch ký quỹ,19/04/2018 14:26
