title,time
Nâng cao vai trò giám sát các hệ thống thanh toán của Ngân hàng Nhà nước Việt Nam trong tình hình mới (số 5 -2018),02/04/2018
Đầu tư tạo tác nhân nội sinh cho tăng trưởng kinh tế bền vững (số 5 -2018),02/04/2018
Hội nhập kinh tế quốc tế trong lĩnh vực ngân hàng “Dòng chảy và xu hướng” (số 3-4),28/02/2018
10 sự kiện nổi bật ngành Ngân hàng năm 2017 (số 3-4),28/02/2018
Đề án 1726 – Sau một năm triển khai thực hiện (số 3-4),28/02/2018
"Công tác phòng, chống khủng bố, chống tài trợ khủng bố trong ngành Ngân hàng – Yêu cầu quan trọng và cấp bách (số 3-4)",28/02/2018
Điều hành chính sách tiền tệ: Những điểm nhấn năm 2017 và định hướng năm 2018 (số 3-4),28/02/2018
Công tác quản lý ngoại hối và một số thành tựu nổi bật trong năm 2017 (số 3-4),28/02/2018
"Những cơ hội, thách thức và đề xuất giải pháp trong hoạt động ngân hàng năm 2018 (số 3-4)",28/02/2018
Dự trữ ngoại hối tăng cao kỷ lục – kết quả của hoạt động kinh tế đối ngoại khởi sắc và giải pháp điều hành linh hoạt của Ngân hàng Nhà nước Việt Nam (số 3-4),28/02/2018
